"","dose","RR","lb","ub"
"1",0,1,1,1
"2",0.13015015015015,0.993772789613323,0.992701535425864,0.994845199823506
"3",0.2603003003003,0.987586158210957,0.985458465512051,0.989718444788123
"4",0.39045045045045,0.981441620311185,0.978272466481245,0.984621040745104
"5",0.520600600600601,0.975340647845263,0.971145156502276,0.979554264334105
"6",0.650750750750751,0.969284670916152,0.964078096884879,0.974519363429975
"7",0.780900900900901,0.963275078577771,0.957072793298405,0.969517557605153
"8",0.911051051051051,0.957313219633535,0.95013069701253,0.964550038606992
"9",1.0412012012012,0.951400403453005,0.943253206158058,0.959617970849352
"10",1.17135135135135,0.945537900805493,0.936441667005998,0.954722491917837
"11",1.3015015015015,0.939726944709506,0.929697375263174,0.949864713088045
"12",1.43165165165165,0.933968731296969,0.923021577382683,0.945045719856251
"13",1.5618018018018,0.928264420691196,0.916415471887595,0.940266572481934
"14",1.69195195195195,0.922615137897622,0.909880210706369,0.935528306541605
"15",1.8221021021021,0.917021973706343,0.90341690051853,0.930831933493398
"16",1.95225225225225,0.911485985605575,0.897026604109209,0.926178441251916
"17",2.0824024024024,0.906008198705155,0.890710341731234,0.921568794772843
"18",2.21255255255255,0.900589606669271,0.884469092473542,0.91700393664686
"19",2.3427027027027,0.895231172657639,0.878303795634721,0.912484787702412
"20",2.47285285285285,0.889933830274394,0.872215352100596,0.908012247616931
"21",2.603003003003,0.884698484524004,0.866204625724814,0.903587195536086
"22",2.73315315315315,0.879526012773542,0.860272444711484,0.899210490700724
"23",2.8633033033033,0.874417265720718,0.854419602998953,0.894882973081124
"24",2.99345345345345,0.8693730683671,0.848646861643919,0.890605464018265
"25",3.1236036036036,0.864394220995997,0.842954950205103,0.886378766871798
"26",3.25375375375375,0.85948150015451,0.837344568125791,0.882203667674445
"27",3.3839039039039,0.854635659639323,0.831816386114618,0.878080935792597
"28",3.51405405405405,0.84985743148582,0.826371047524037,0.874011324592863
"29",3.6442042042042,0.845147526960173,0.821009169725952,0.869995572114397
"30",3.77435435435435,0.840506637554069,0.8157313454841,0.866034401746816
"31",3.90450450450451,0.835935435981816,0.810538144322776,0.86212852291358
"32",4.03465465465465,0.831434577179566,0.805430113891613,0.858278631760706
"33",4.16480480480481,0.827004699306469,0.800407781326125,0.85448541185073
"34",4.29495495495496,0.822646424747599,0.795471654603828,0.850749534861868
"35",4.42510510510511,0.818360361118527,0.790622223895799,0.847071661292323
"36",4.55525525525526,0.814147102271455,0.78585996291356,0.843452441169744
"37",4.68540540540541,0.81000722930289,0.781185330251269,0.839892514765869
"38",4.81555555555556,0.805941311562838,0.776598770723234,0.836392513316394
"39",4.94570570570571,0.801949907665561,0.7721007166968,0.83295305974616
"40",5.07585585585586,0.798033566501981,0.767691589420761,0.829574769399771
"41",5.20600600600601,0.794192828253835,0.763371800349431,0.826258250777806
"42",5.33615615615616,0.790428133827446,0.759141648448407,0.823004028329766
"43",5.46630630630631,0.786738841240525,0.755000204607837,0.819811704074947
"44",5.59645645645646,0.783123623315011,0.750945767806654,0.816680292619922
"45",5.72660660660661,0.77958116918678,0.746976663016541,0.813608817304067
"46",5.85675675675676,0.776110195795864,0.743091253998904,0.810596320138068
"47",5.98690690690691,0.772709447145839,0.739287942207503,0.807641861336946
"48",6.11705705705706,0.769377693583453,0.735565165722608,0.804744518865678
"49",6.24720720720721,0.766113731097853,0.731921398215793,0.8019033879969
"50",6.37735735735736,0.76291638063882,0.728355147944467,0.79911758088022
"51",6.50750750750751,0.759784487453416,0.724864956775273,0.796386226122695
"52",6.63765765765766,0.756716920440479,0.721449399235489,0.793708468380071
"53",6.76780780780781,0.753712571522428,0.718107081591566,0.791083467958412
"54",6.89795795795796,0.750770355033837,0.714836640953996,0.788510400425751
"55",7.02810810810811,0.747889207126286,0.711636744407681,0.78598845623344
"56",7.15825825825826,0.745068085188966,0.70850608816702,0.783516840346881
"57",7.28840840840841,0.742305967284597,0.705443396754948,0.781094771885334
"58",7.41855855855856,0.739601851600165,0.702447422205178,0.778721483770519
"59",7.54870870870871,0.736954755912052,0.699516943286923,0.776396222383746
"60",7.67885885885886,0.734363717065121,0.6966507647514,0.774118247231303
"61",7.80900900900901,0.731827790465334,0.693847716599424,0.771886830617866
"62",7.93915915915916,0.729346049585512,0.691106653369452,0.769701257327679
"63",8.06930930930931,0.726917585483829,0.688426453445419,0.767560824313289
"64",8.19945945945946,0.724541506334682,0.685806018383769,0.765464840391599
"65",8.32960960960961,0.722216936971556,0.683244272259068,0.763412625947051
"66",8.45975975975976,0.719943018441538,0.680740161027627,0.761403512641701
"67",8.58990990990991,0.717718907571139,0.678292651908585,0.75943684313203
"68",8.72006006006006,0.715543776543093,0.675900732781904,0.757511970792259
"69",8.85021021021021,0.713416812483811,0.673563411602751,0.755628259444017
"70",8.98036036036036,0.711337217061178,0.671279715831778,0.753785083092166
"71",9.11051051051051,0.709304206092412,0.669048691880804,0.751981825666615
"72",9.24066066066066,0.707317009161665,0.666869404573426,0.750217880769963
"73",9.37081081081081,0.705374869247115,0.664740936620113,0.748492651430803
"74",9.50096096096096,0.703477042357264,0.662662388107345,0.746805549862531
"75",9.63111111111111,0.701622797176181,0.660632876000361,0.745155997227512
"76",9.76126126126126,0.699811414717439,0.658651533659126,0.743543423406464
"77",9.89141141141141,0.698042187986503,0.656717510367108,0.741967266772896
"78",10.0215615615616,0.696314421651324,0.654829970872493,0.740426973972495
"79",10.1517117117117,0.694627431720921,0.652988094941463,0.738921999707294
"80",10.2818618618619,0.69298054523172,0.651191076923187,0.73745180652452
"81",10.412012012012,0.691373099941438,0.64943812532618,0.736015864609982
"82",10.5421621621622,0.689804444030309,0.647728462405706,0.734613651585882
"83",10.6723123123123,0.688273935809444,0.646061323761894,0.733244652312931
"84",10.8024624624625,0.686780943436131,0.644435957948269,0.731908358696652
"85",10.9326126126126,0.685324844635903,0.642851626090398,0.730604269497763
"86",11.0627627627628,0.683905026431163,0.64130760151436,0.729331890146538
"87",11.1929129129129,0.682520884876224,0.639803169384775,0.728090732561022
"88",11.3230630630631,0.681171824798562,0.638337626352114,0.726880314969023
"89",11.4532132132132,0.679857259546147,0.636910280209035,0.725700161733768
"90",11.5833633633634,0.678576610740667,0.635520449555503,0.724549803183125
"91",11.7135135135135,0.677329308036517,0.634167463472447,0.723428775442309
"92",11.8436636636637,0.676114788885383,0.632850661203734,0.722336620269978
"93",11.9738138138138,0.674932498306284,0.631569391846221,0.721272884897625
"94",12.103963963964,0.673781888660948,0.630323014047691,0.720237121872193
"95",12.2341141141141,0.672662419434362,0.629110895712447,0.719228888901816
"96",12.3642642642643,0.671573557020388,0.627932413714383,0.718247748704624
"97",12.4944144144144,0.670514774512315,0.626786953617328,0.71729326886052
"98",12.6245645645646,0.669485551498212,0.625673909402474,0.716365021665858
"99",12.7547147147147,0.668485373860994,0.624592683202738,0.715462583990953
"100",12.8848648648649,0.667513733583054,0.623542685043841,0.714585537140349
"101",13.015015015015,0.666570128555382,0.622523332591989,0.713733466715776
"102",13.1451651651652,0.665654062391049,0.621534050907954,0.712905962481734
"103",13.2753153153153,0.664765044242959,0.620574272207434,0.712102618233631
"104",13.4054654654655,0.663902588625775,0.619643435627521,0.711323031668421
"105",13.5356156156156,0.663066215241915,0.618740986999158,0.710566804257684
"106",13.6657657657658,0.662255448811542,0.617866378625424,0.709833541123077
"107",13.7959159159159,0.661469818906443,0.617019069065539,0.709122850914106
"108",13.9260660660661,0.660708859787732,0.616198522924448,0.708434345688181
"109",14.0562162162162,0.659972110247269,0.615404210647864,0.707767640792863
"110",14.1863663663664,0.659259113452749,0.614635608322668,0.707122354750294
"111",14.3165165165165,0.65856941679636,0.613892197482526,0.706498109143736
"112",14.4466666666667,0.657902571746944,0.613173464918647,0.705894528506171
"113",14.5768168168168,0.657258133705601,0.612478902495551,0.705311240210937
"114",14.706966966967,0.656635661864652,0.611808006971769,0.704747874364328
"115",14.8371171171171,0.656034719069911,0.611160279825361,0.704204063700144
"116",14.9672672672673,0.655454871686191,0.610535227084175,0.703679443476125
"117",15.0974174174174,0.654895689466002,0.609932359160744,0.703173651372248
"118",15.2275675675676,0.654356745421356,0.609351190691754,0.702686327390848
"119",15.3577177177177,0.653837615698655,0.608791240381982,0.702217113758516
"120",15.4878678678679,0.653337879456585,0.608252030852633,0.701765654829756
"121",15.618018018018,0.652857118746975,0.607733088494015,0.701331596992353
"122",15.7481681681682,0.652394918398578,0.607233943322445,0.70091458857444
"123",15.8783183183183,0.651950865903708,0.606754128841358,0.700514279753217
"124",16.0084684684685,0.651524551307717,0.60629318190651,0.700130322465306
"125",16.1386186186186,0.651115567101239,0.605850642595247,0.699762370318717
"126",16.2687687687688,0.650723508115186,0.605426054079751,0.699410078506393
"127",16.3989189189189,0.650347971418434,0.605018962504214,0.699073103721319
"128",16.5290690690691,0.649988556218188,0.604628916865884,0.698751104073175
"129",16.6592192192192,0.649644863762957,0.604255468899918,0.698443739006511
"130",16.7893693693694,0.649316497248144,0.603898172967998,0.698150669220424
"131",16.9195195195195,0.64900306172418,0.603556585950648,0.697871556589727
"132",17.0496696696697,0.648704164007205,0.603230267143207,0.697606064087604
"133",17.1798198198198,0.648419412592241,0.602918778155414,0.697353855709712
"134",17.30996996997,0.648148417568844,0.602621682814538,0.697114596399753
"135",17.4401201201201,0.647890790539207,0.602338547072031,0.696887951976484
"136",17.5702702702703,0.647646144538682,0.602068938913644,0.696673589062168
"137",17.7004204204204,0.647414093958705,0.601812428272963,0.696471175012458
"138",17.8305705705706,0.647194254472099,0.601568586948328,0.696280377847713
"139",17.9607207207207,0.646986242960731,0.601336988523086,0.696100866185736
"140",18.0908708708709,0.64678967744551,0.601117208289147,0.695932309175951
"141",18.221021021021,0.646604177018703,0.600908823173791,0.695774376435
"142",18.3511711711712,0.646429361778546,0.600711411669692,0.695626737983778
"143",18.4813213213213,0.646264852766148,0.600524553768122,0.695489064185908
"144",18.6114714714715,0.64611027190466,0.600347830895296,0.695361025687658
"145",18.7416216216216,0.645965241940696,0.600180825851816,0.695242293359312
"146",18.8717717717718,0.645829386388001,0.600023122755176,0.695132538238009
"147",19.0019219219219,0.645702329473344,0.599874306985304,0.695031431472056
"148",19.1320720720721,0.645583696084631,0.599733965133079,0.694938644266731
"149",19.2622222222222,0.64547311172122,0.599601684951817,0.694853847831589
"150",19.3923723723724,0.64537020244644,0.599477055311656,0.694776713329299
"151",19.5225225225225,0.645274594842292,0.599359666156837,0.69470691182601
"152",19.6526726726727,0.645185915966332,0.599249108465812,0.694644114243288
"153",19.7828228228228,0.645103793310722,0.599144974214174,0.694587991311631
"154",19.912972972973,0.645027854763454,0.59904685634034,0.694538213525596
"155",20.0431231231231,0.644957728571723,0.598954348713974,0.694494451100546
"156",20.1732732732733,0.64489304330746,0.598867046107113,0.694456373931073
"157",20.3034234234234,0.644833427835009,0.59878454416793,0.694423651551087
"158",20.4335735735736,0.644778511280945,0.598706439397142,0.694395953095633
"159",20.5637237237237,0.64472792300604,0.59863232912698,0.694372947264449
"160",20.6938738738739,0.644681292579356,0.598561811502715,0.694354302287299
"161",20.824024024024,0.644638249754472,0.598494485466691,0.69433968589112
"162",20.9541741741742,0.644598424447843,0.598429950744817,0.694328765269006
"163",21.0843243243243,0.64456144671928,0.598367807835502,0.694321207051074
"164",21.2144744744745,0.644526946754569,0.598307658000969,0.694316677277252
"165",21.3446246246246,0.644494554850195,0.598249103260928,0.694314841371999
"166",21.4747747747748,0.644463901400201,0.598191746388555,0.694315364121035
"167",21.6049249249249,0.64443461688516,0.598135190908756,0.694317909650087
"168",21.7350750750751,0.644406331863274,0.59807904109865,0.694322141405695
"169",21.8652252252252,0.644378676963581,0.598022901990256,0.69432772213814
"170",21.9953753753754,0.644351284490521,0.5979663810961,0.694334315356533
"171",22.1255255255255,0.644323914577245,0.597909223254367,0.694341700628905
"172",22.2556756756757,0.644296545826553,0.59785140718177,0.694349856799476
"173",22.3858258258258,0.644269178238395,0.597792934512164,0.694358782220652
"174",22.515975975976,0.644241811812721,0.597733806906157,0.694368475218097
"175",22.6461261261261,0.644214446549482,0.597674026050772,0.694378934091074
"176",22.7762762762763,0.64418708244863,0.597613593659101,0.694390157112783
"177",22.9064264264264,0.644159719510115,0.597552511469961,0.694402142530713
"178",23.0365765765766,0.644132357733886,0.597490781247545,0.694414888566986
"179",23.1667267267267,0.644104997119896,0.597428404781067,0.694428393418712
"180",23.2968768768769,0.644077637668093,0.59736538388441,0.694442655258347
"181",23.427027027027,0.64405027937843,0.597301720395761,0.694457672234051
"182",23.5571771771772,0.644022922250857,0.597237416177254,0.694473442470047
"183",23.6873273273273,0.643995566285324,0.597172473114601,0.69448996406699
"184",23.8174774774775,0.643968211481782,0.59710689311673,0.694507235102334
"185",23.9476276276276,0.643940857840182,0.59704067811541,0.694525253630698
"186",24.0777777777778,0.643913505360474,0.596973830064882,0.694544017684241
"187",24.2079279279279,0.643886154042609,0.596906350941485,0.694563525273037
"188",24.3380780780781,0.643858803886537,0.596838242743278,0.694583774385445
"189",24.4682282282282,0.64383145489221,0.596769507489665,0.694604762988496
"190",24.5983783783784,0.643804107059578,0.596700147221014,0.694626489028264
"191",24.7285285285285,0.643776760388591,0.596630163998275,0.69464895043025
"192",24.8586786786787,0.643749414879201,0.596559559902603,0.694672145099766
"193",24.9888288288288,0.643722070531358,0.596488337034969,0.694696070922315
"194",25.118978978979,0.643694727345011,0.596416497515775,0.694720725763977
"195",25.2491291291291,0.643667385320113,0.596344043484478,0.694746107471794
"196",25.3792792792793,0.643640044456614,0.596270977099194,0.694772213874155
"197",25.5094294294294,0.643612704754465,0.596197300536314,0.694799042781186
"198",25.6395795795796,0.643585366213616,0.596123015990122,0.694826591985131
"199",25.7697297297297,0.643558028834017,0.596048125672401,0.694854859260744
"200",25.8998798798799,0.643530692615621,0.59597263181205,0.694883842365674
"201",26.03003003003,0.643503357558376,0.595896536654696,0.694913539040854
"202",26.1601801801802,0.643476023662234,0.595819842462305,0.694943947010889
"203",26.2903303303303,0.643448690927146,0.595742551512797,0.694975063984438
"204",26.4204804804805,0.643421359353062,0.595664666099656,0.695006887654606
"205",26.5506306306306,0.643394028939933,0.59558618853155,0.695039415699331
"206",26.6807807807808,0.64336669968771,0.595507121131937,0.695072645781763
"207",26.8109309309309,0.643339371596343,0.595427466238689,0.695106575550654
"208",26.9410810810811,0.643312044665783,0.5953472262037,0.695141202640743
"209",27.0712312312312,0.643284718895981,0.595266403392511,0.695176524673133
"210",27.2013813813814,0.643257394286887,0.59518500018392,0.69521253925568
"211",27.3315315315315,0.643230070838452,0.59510301896961,0.695249243983366
"212",27.4616816816817,0.643202748550627,0.595020462153762,0.695286636438686
"213",27.5918318318318,0.643175427423363,0.594937332152681,0.695324714192019
"214",27.721981981982,0.64314810745661,0.594853631394422,0.695363474802009
"215",27.8521321321321,0.643120788650318,0.594769362318411,0.695402915815935
"216",27.9822822822823,0.643093471004439,0.594684527375074,0.695443034770089
"217",28.1124324324324,0.643066154518924,0.594599129025469,0.695483829190143
"218",28.2425825825826,0.643038839193723,0.594513169740911,0.695525296591518
"219",28.3727327327327,0.643011525028786,0.594426652002611,0.695567434479753
"220",28.5028828828829,0.642984212024065,0.59433957830131,0.695610240350869
"221",28.633033033033,0.64295690017951,0.594251951136912,0.695653711691728
"222",28.7631831831832,0.642929589495072,0.594163773018134,0.695697845980399
"223",28.8933333333333,0.642902279970701,0.594075046462135,0.695742640686509
"224",29.0234834834835,0.642874971606349,0.593985773994173,0.695788093271606
"225",29.1536336336336,0.642847664401967,0.593895958147247,0.695834201189502
"226",29.2837837837838,0.642820358357503,0.593805601461746,0.69588096188663
"227",29.4139339339339,0.642793053472911,0.593714706485106,0.69592837280239
"228",29.5440840840841,0.642765749748139,0.59362327577146,0.695976431369491
"229",29.6742342342342,0.64273844718314,0.593531311881303,0.696025135014292
"230",29.8043843843844,0.642711145777863,0.593438817381151,0.696074481157144
"231",29.9345345345345,0.64268384553226,0.593345794843202,0.696124467212723
"232",30.0646846846847,0.642656546446281,0.593252246845011,0.696175090590362
"233",30.1948348348348,0.642629248519877,0.593158175969153,0.69622634869438
"234",30.324984984985,0.642601951752999,0.593063584802903,0.69627823892441
"235",30.4551351351351,0.642574656145597,0.59296847593791,0.696330758675722
"236",30.5852852852853,0.642547361697623,0.592872851969881,0.696383905339538
"237",30.7154354354354,0.642520068409026,0.592776715498257,0.696437676303351
"238",30.8455855855856,0.642492776279757,0.592680069125911,0.696492068951241
"239",30.9757357357357,0.642465485309769,0.592582915458832,0.696547080664177
"240",31.1058858858859,0.642438195499011,0.592485257105821,0.696602708820331
"241",31.236036036036,0.642410906847434,0.592387096678187,0.696658950795371
"242",31.3661861861862,0.642383619354988,0.592288436789451,0.696715803962769
"243",31.4963363363363,0.642356333021624,0.592189280055049,0.696773265694088
"244",31.6264864864865,0.642329047847294,0.592089629092044,0.696831333359281
"245",31.7566366366366,0.642301763831948,0.591989486518833,0.696890004326973
"246",31.8867867867868,0.642274480975538,0.591888854954865,0.696949275964746
"247",32.0169369369369,0.642247199278014,0.591787737020364,0.697009145639424
"248",32.1470870870871,0.642219918739324,0.591686135336044,0.697069610717341
"249",32.2772372372372,0.642192639359422,0.591584052522847,0.697130668564622
"250",32.4073873873874,0.642165361138258,0.591481491201665,0.697192316547451
"251",32.5375375375375,0.642138084075783,0.591378453993079,0.697254552032332
"252",32.6676876876877,0.642110808171947,0.591274943517097,0.697317372386353
"253",32.7978378378378,0.642083533426701,0.591170962392893,0.697380774977445
"254",32.927987987988,0.642056259839997,0.59106651323856,0.697444757174635
"255",33.0581381381381,0.642028987411785,0.590961598670852,0.697509316348295
"256",33.1882882882883,0.642001716142014,0.590856221304942,0.697574449870389
"257",33.3184384384384,0.641974446030638,0.590750383754182,0.697640155114715
"258",33.4485885885886,0.641947177077606,0.590644088629858,0.697706429457143
"259",33.5787387387387,0.641919909282868,0.590537338540961,0.697773270275854
"260",33.7088888888889,0.641892642646378,0.590430136093956,0.697840674951565
"261",33.839039039039,0.641865377168083,0.590322483892548,0.697908640867756
"262",33.9691891891892,0.641838112847935,0.590214384537468,0.697977165410897
"263",34.0993393393393,0.641810849685885,0.59010584062625,0.698046245970667
"264",34.2294894894895,0.641783587681885,0.589996854753017,0.698115879940165
"265",34.3596396396396,0.641756326835885,0.589887429508264,0.698186064716127
"266",34.4897897897898,0.641729067147835,0.589777567478659,0.69825679769913
"267",34.6199399399399,0.641701808617687,0.589667271246832,0.698328076293794
"268",34.7500900900901,0.641674551245391,0.589556543391177,0.698399897908989
"269",34.8802402402402,0.641647295030898,0.589445386485658,0.698472259958025
"270",35.0103903903904,0.64162003997416,0.589333803099615,0.698545159858847
"271",35.1405405405405,0.641592786075125,0.589221795797571,0.698618595034223
"272",35.2706906906907,0.641565533333747,0.589109367139058,0.698692562911932
"273",35.4008408408408,0.641538281749974,0.588996519678422,0.698767060924939
"274",35.530990990991,0.641511031323759,0.588883255964657,0.698842086511579
"275",35.6611411411411,0.641483782055052,0.588769578541223,0.698917637115726
"276",35.7912912912913,0.641456533943804,0.58865548994588,0.698993710186968
"277",35.9214414414414,0.641429286989965,0.588540992710523,0.699070303180768
"278",36.0515915915916,0.641402041193488,0.588426089361013,0.699147413558631
"279",36.1817417417417,0.641374796554321,0.588310782417024,0.699225038788263
"280",36.3118918918919,0.641347553072418,0.588195074391883,0.699303176343725
"281",36.442042042042,0.641320310747727,0.58807896779242,0.699381823705586
"282",36.5721921921922,0.641293069580199,0.587962465118816,0.699460978361071
"283",36.7023423423423,0.641265829569787,0.587845568864466,0.69954063780421
"284",36.8324924924925,0.641238590716439,0.587728281515825,0.699620799535973
"285",36.9626426426426,0.641211353020109,0.587610605552283,0.699701461064416
"286",37.0927927927928,0.641184116480746,0.587492543446019,0.699782619904809
"287",37.2229429429429,0.641156881098302,0.587374097661875,0.699864273579772
"288",37.3530930930931,0.641129646872726,0.587255270657224,0.6999464196194
"289",37.4832432432433,0.64110241380397,0.587136064881854,0.700029055561393
"290",37.6133933933934,0.641075181891985,0.587016482777834,0.70011217895117
"291",37.7435435435435,0.641047951136721,0.586896526779405,0.700195787341995
"292",37.8736936936937,0.641020721538131,0.586776199312863,0.700279878295088
"293",38.0038438438438,0.640993493096162,0.586655502796441,0.700364449379734
"294",38.133993993994,0.64096626581077,0.586534439640209,0.700449498173403
"295",38.2641441441441,0.640939039681902,0.586413012245962,0.700535022261841
"296",38.3942942942943,0.640911814709509,0.586291223007121,0.700621019239183
"297",38.5244444444444,0.640884590893544,0.586169074308632,0.70070748670805
"298",38.6545945945946,0.640857368233957,0.586046568526867,0.700794422279643
"299",38.7847447447447,0.640830146730697,0.585923708029534,0.700881823573841
"300",38.9148948948949,0.640802926383718,0.585800495175588,0.700969688219288
"301",39.0450450450451,0.640775707192969,0.585676932315135,0.701058013853482
"302",39.1751951951952,0.640748489158401,0.585553021789358,0.701146798122861
"303",39.3053453453454,0.640721272279964,0.585428765930421,0.701236038682882
"304",39.4354954954955,0.640694056557612,0.585304167061409,0.701325733198106
"305",39.5656456456457,0.640666841991295,0.585179227496231,0.701415879342268
"306",39.6957957957958,0.64063962858096,0.585053949539559,0.701506474798354
"307",39.8259459459459,0.640612416326563,0.584928335486756,0.701597517258676
"308",39.9560960960961,0.64058520522805,0.584802387623797,0.701689004424929
"309",40.0862462462462,0.640557995285377,0.584676108227219,0.701780934008274
"310",40.2163963963964,0.640530786498491,0.584549499564047,0.701873303729384
"311",40.3465465465465,0.640503578867345,0.584422563891733,0.701966111318516
"312",40.4766966966967,0.640476372391891,0.584295303458105,0.702059354515569
"313",40.6068468468468,0.640449167072075,0.584167720501298,0.702153031070129
"314",40.736996996997,0.640421962907853,0.58403981724972,0.70224713874154
"315",40.8671471471472,0.640394759899172,0.583911595921979,0.702341675298936
"316",40.9972972972973,0.640367558045987,0.583783058726855,0.70243663852131
"317",41.1274474474475,0.640340357348248,0.583654207863237,0.702532026197543
"318",41.2575975975976,0.640313157805901,0.583525045520084,0.702627836126451
"319",41.3877477477478,0.640285959418903,0.58339557387639,0.702724066116841
"320",41.5178978978979,0.640258762187202,0.583265795101136,0.702820713987537
"321",41.6480480480481,0.64023156611075,0.583135711353253,0.702917777567417
"322",41.7781981981982,0.640204371189497,0.583005324781593,0.703015254695458
"323",41.9083483483484,0.640177177423395,0.582874637524886,0.703113143220762
"324",42.0384984984985,0.640149984812393,0.582743651711716,0.70321144100259
"325",42.1686486486487,0.640122793356443,0.58261236946049,0.70331014591039
"326",42.2987987987988,0.640095603055499,0.582480792879413,0.703409255823832
"327",42.4289489489489,0.640068413909508,0.58234892406645,0.703508768632816
"328",42.5590990990991,0.640041225918421,0.582216765109321,0.703608682237511
"329",42.6892492492493,0.640014039082191,0.582084318085466,0.703708994548375
"330",42.8193993993994,0.639986853400768,0.581951585062033,0.703809703486169
"331",42.9495495495496,0.6399596688741,0.581818568095851,0.703910806981976
"332",43.0796996996997,0.639932485502144,0.581685269233428,0.704012302977224
"333",43.2098498498499,0.639905303284848,0.581551690510919,0.704114189423692
"334",43.34,0.639878122222161,0.581417833954125,0.704216464283525
"335",43.4701501501502,0.639850942314037,0.581283701578481,0.704319125529249
"336",43.6003003003003,0.639823763560425,0.581149295389043,0.704422171143779
"337",43.7304504504505,0.639796585961278,0.581014617380481,0.704525599120423
"338",43.8606006006006,0.639769409516544,0.580879669537072,0.704629407462892
"339",43.9907507507507,0.639742234226175,0.580744453832699,0.704733594185303
"340",44.1209009009009,0.639715060090124,0.580608972230844,0.704838157312187
"341",44.2510510510511,0.639687887108342,0.580473226684588,0.704943094878486
"342",44.3812012012012,0.639660715280776,0.580337219136606,0.705048404929548
"343",44.5113513513514,0.639633544607379,0.580200951519176,0.70515408552114
"344",44.6415015015015,0.639606375088104,0.580064425754178,0.705260134719437
"345",44.7716516516517,0.639579206722901,0.579927643753094,0.705366550601016
"346",44.9018018018018,0.639552039511713,0.579790607417011,0.705473331252849
"347",45.031951951952,0.639524873454508,0.579653318636654,0.705580474772324
"348",45.1621021021021,0.639497708551223,0.579515779292346,0.705687979267187
"349",45.2922522522523,0.639470544801815,0.579377991254059,0.705795842855577
"350",45.4224024024024,0.639443382206232,0.579239956381401,0.705904063665996
"351",45.5525525525526,0.639416220764426,0.579101676523639,0.706012639837301
"352",45.6827027027027,0.639389060476348,0.578963153519705,0.706121569518694
"353",45.8128528528529,0.639361901341952,0.578824389198215,0.70623085086971
"354",45.943003003003,0.639334743361184,0.578685385377473,0.706340482060191
"355",46.0731531531532,0.639307586533999,0.5785461438655,0.706450461270283
"356",46.2033033033033,0.639280430860344,0.578406666460042,0.706560786690415
"357",46.3334534534535,0.639253276340175,0.578266954948593,0.706671456521281
"358",46.4636036036036,0.639226122973438,0.578127011108406,0.706782468973817
"359",46.5937537537538,0.639198970760088,0.577986836706526,0.706893822269193
"360",46.7239039039039,0.639171819700071,0.577846433499792,0.707005514638774
"361",46.8540540540541,0.639144669793345,0.577705803234882,0.707117544324121
"362",46.9842042042042,0.639117521039857,0.577564947648313,0.707229909576949
"363",47.1143543543544,0.639090373439557,0.577423868466477,0.707342608659111
"364",47.2445045045045,0.639063226992395,0.57728256740566,0.707455639842572
"365",47.3746546546547,0.63903608169833,0.577141046172079,0.707569001409401
"366",47.5048048048048,0.639008937557304,0.576999306461884,0.707682691651707
"367",47.634954954955,0.638981794569272,0.576857349961209,0.707796708871653
"368",47.7651051051051,0.638954652734185,0.576715178346187,0.707911051381404
"369",47.8952552552553,0.638927512051992,0.576572793282976,0.708025717503106
"370",48.0254054054054,0.638900372522645,0.576430196427796,0.708140705568857
"371",48.1555555555556,0.638873234146098,0.576287389426958,0.708256013920684
"372",48.2857057057057,0.638846096922297,0.576144373916882,0.708371640910497
"373",48.4158558558559,0.638818960851198,0.576001151524146,0.708487584900076
"374",48.546006006006,0.638791825932749,0.575857723865499,0.708603844261023
"375",48.6761561561562,0.6387646921669,0.575714092547907,0.708720417374743
"376",48.8063063063063,0.638737559553605,0.575570259168584,0.708837302632409
"377",48.9364564564565,0.638710428092816,0.575426225315016,0.708954498434923
"378",49.0666066066066,0.638683297784478,0.575281992565,0.709072003192879
"379",49.1967567567568,0.638656168628546,0.575137562486687,0.709189815326548
"380",49.3269069069069,0.638629040624973,0.574992936638603,0.709307933265823
"381",49.4570570570571,0.638601913773708,0.574848116569692,0.709426355450191
"382",49.5872072072072,0.638574788074701,0.574703103819347,0.709545080328696
"383",49.7173573573574,0.638547663527904,0.574557899917454,0.709664106359907
"384",49.8475075075075,0.638520540133269,0.574412506384424,0.709783432011878
"385",49.9776576576577,0.638493417890745,0.574266924731226,0.709903055762108
"386",50.1078078078078,0.638466296800285,0.574121156459434,0.710022976097508
"387",50.237957957958,0.638439176861838,0.573975203061254,0.710143191514358
"388",50.3681081081081,0.638412058075358,0.573829066019577,0.710263700518281
"389",50.4982582582583,0.638384940440793,0.573682746808001,0.710384501624185
"390",50.6284084084084,0.6383578239581,0.573536246890884,0.710505593356243
"391",50.7585585585586,0.638330708627219,0.573389567723368,0.710626974247828
"392",50.8887087087087,0.638303594448111,0.573242710751443,0.710748642841515
"393",51.0188588588589,0.638276481420724,0.57309567741196,0.710870597688995
"394",51.149009009009,0.638249369545005,0.572948469132687,0.710992837351061
"395",51.2791591591592,0.638222258820913,0.572801087332355,0.711115360397571
"396",51.4093093093093,0.638195149248397,0.572653533420681,0.711238165407388
"397",51.5394594594595,0.638168040827401,0.572505808798415,0.711361250968344
"398",51.6696096096096,0.638140933557883,0.572357914857396,0.711484615677215
"399",51.7997597597598,0.638113827439791,0.572209852980576,0.711608258139661
"400",51.9299099099099,0.638086722473083,0.572061624542077,0.711732176970199
"401",52.0600600600601,0.638059618657699,0.571913230907208,0.711856370792134
"402",52.1902102102102,0.638032515993594,0.571764673432536,0.71198083823755
"403",52.3203603603604,0.638005414480723,0.571615953465919,0.712105577947253
"404",52.4505105105105,0.637978314119037,0.571467072346543,0.712230588570726
"405",52.5806606606607,0.637951214908482,0.571318031404961,0.712355868766081
"406",52.7108108108108,0.637924116849012,0.571168831963151,0.712481417200031
"407",52.840960960961,0.637897019940583,0.571019475334553,0.712607232547843
"408",52.9711111111111,0.637869924183137,0.570869962824097,0.712733313493273
"409",53.1012612612613,0.637842829576626,0.570720295728271,0.712859658728558
"410",53.2314114114114,0.637815736121009,0.570570475335157,0.712986266954354
"411",53.3615615615616,0.637788643816228,0.570420502924456,0.713113136879681
"412",53.4917117117117,0.637761552662244,0.570270379767562,0.713240267221909
"413",53.6218618618619,0.637734462659002,0.570120107127581,0.713367656706684
"414",53.752012012012,0.637707373806446,0.569969686259377,0.713495304067892
"415",53.8821621621622,0.637680286104541,0.569819118409643,0.713623208047642
"416",54.0123123123123,0.637653199553236,0.569668404816915,0.71375136739619
"417",54.1424624624625,0.637626114152474,0.569517546711614,0.71387978087189
"418",54.2726126126126,0.63759902990221,0.569366545316118,0.714008447241186
"419",54.4027627627628,0.637571946802395,0.569215401844782,0.714137365278537
"420",54.5329129129129,0.637544864852983,0.569064117503996,0.71426653376639
"421",54.6630630630631,0.637517784053924,0.568912693492217,0.714395951495123
"422",54.7932132132132,0.637490704405162,0.568761131000017,0.714525617263001
"423",54.9233633633634,0.637463625906659,0.568609431210143,0.714655529876157
"424",55.0535135135135,0.637436548558356,0.56845759529753,0.714785688148506
"425",55.1836636636637,0.637409472360215,0.56830562442938,0.714916090901745
"426",55.3138138138138,0.637382397312181,0.568153519765177,0.715046736965271
"427",55.443963963964,0.6373553234142,0.568001282456739,0.715177625176153
"428",55.5741141141141,0.637328250666232,0.567848913648282,0.715308754379104
"429",55.7042642642643,0.637301179068225,0.567696414476436,0.715440123426406
"430",55.8344144144144,0.637274108620129,0.567543786070304,0.715571731177889
"431",55.9645645645646,0.6372470393219,0.567391029551504,0.715703576500877
"432",56.0947147147147,0.637219971173486,0.567238146034212,0.715835658270148
"433",56.2248648648649,0.637192904174836,0.5670851366252,0.71596797536788
"434",56.355015015015,0.637165838325903,0.56693200242389,0.716100526683627
"435",56.4851651651652,0.637138773626633,0.566778744522389,0.716233311114253
"436",56.6153153153153,0.637111710076984,0.566625364005546,0.716366327563915
"437",56.7454654654655,0.637084647676908,0.56647186195098,0.716499574943994
"438",56.8756156156156,0.63705758642635,0.566318239429125,0.716633052173059
"439",57.0057657657658,0.637030526325268,0.566164497503287,0.716766758176834
"440",57.1359159159159,0.637003467373609,0.566010637229672,0.716900691888142
"441",57.2660660660661,0.636976409571318,0.56585665965743,0.71703485224686
"442",57.3962162162162,0.63694935291836,0.565702565828723,0.717169238199906
"443",57.5263663663664,0.636922297414677,0.565548356778728,0.717303848701145
"444",57.6565165165165,0.636895243060224,0.56539403353571,0.717438682711394
"445",57.7866666666667,0.636868189854947,0.565239597121049,0.717573739198344
"446",57.9168168168168,0.636841137798807,0.565085048549301,0.717709017136552
"447",58.046966966967,0.636814086891742,0.564930388828206,0.717844515507351
"448",58.1771171171171,0.636787037133718,0.56477561895878,0.71798023329887
"449",58.3072672672673,0.636759988524671,0.564620739935302,0.718116169505922
"450",58.4374174174174,0.636732941064563,0.564465752745407,0.718252323130028
"451",58.5675675675676,0.636705894753336,0.564310658370083,0.71838869317932
"452",58.6977177177177,0.636678849590956,0.564155457783763,0.718525278668552
"453",58.8278678678679,0.63665180557736,0.564000151954307,0.718662078618998
"454",58.958018018018,0.636624762712505,0.563844741843093,0.718799092058462
"455",59.0881681681682,0.636597720996343,0.563689228405038,0.718936318021215
"456",59.2183183183183,0.636570680428822,0.563533612588637,0.719073755547948
"457",59.3484684684685,0.636543641009893,0.563377895336009,0.719211403685743
"458",59.4786186186186,0.63651660273951,0.563222077582945,0.719349261488035
"459",59.6087687687688,0.636489565617625,0.563066160258932,0.719487328014553
"460",59.7389189189189,0.636462529644189,0.562910144287209,0.719625602331298
"461",59.8690690690691,0.63643549481915,0.562754030584795,0.719764083510485
"462",59.9992192192192,0.636408461142463,0.562597820062542,0.719902770630526
"463",60.1293693693694,0.636381428614076,0.562441513625164,0.720041662775962
"464",60.2595195195195,0.63635439723394,0.562285112171284,0.720180759037447
"465",60.3896696696697,0.636327367002008,0.562128616593471,0.720320058511697
"466",60.5198198198198,0.636300337918232,0.561972027778282,0.720459560301451
"467",60.64996996997,0.636273309982561,0.561815346606296,0.720599263515432
"468",60.7801201201201,0.636246283194948,0.56165857395216,0.720739167268309
"469",60.9102702702703,0.636219257555346,0.561501710684626,0.720879270680659
"470",61.0404204204204,0.636192233063703,0.561344757666583,0.72101957287892
"471",61.1705705705706,0.636165209719967,0.561187715755103,0.72116007299536
"472",61.3007207207207,0.636138187524096,0.561030585801486,0.721300770168045
"473",61.4308708708709,0.636111166476043,0.560873368651288,0.72144166354079
"474",61.561021021021,0.636084146575747,0.560716065144346,0.721582752263106
"475",61.6911711711712,0.636057127823171,0.560558676114856,0.721724035490205
"476",61.8213213213213,0.636030110218259,0.560401202391371,0.721865512382918
"477",61.9514714714715,0.636003093760972,0.560243644796865,0.722007182107694
"478",62.0816216216216,0.635976078451249,0.560086004148743,0.722149043836515
"479",62.2117717717718,0.635949064289051,0.559928281258915,0.72229109674692
"480",62.3419219219219,0.635922051274324,0.559770476933798,0.722433340021914
"481",62.4720720720721,0.635895039407017,0.559612591974374,0.722575772849958
"482",62.6022222222222,0.63586802868709,0.559454627176227,0.722718394424941
"483",62.7323723723724,0.63584101911449,0.559296583329561,0.722861203946111
"484",62.8625225225225,0.635814010689166,0.559138461219256,0.723004200618066
"485",62.9926726726727,0.635787003411055,0.558980261624879,0.723147383650689
"486",63.1228228228228,0.63575999728015,0.558821985320793,0.723290752259201
"487",63.252972972973,0.635732992296354,0.558663633076054,0.723434305663953
"488",63.3831231231231,0.635705988459658,0.55850520565461,0.723578043090591
"489",63.5132732732733,0.635678985769986,0.558346703815195,0.723721963769854
"490",63.6434234234234,0.635651984227309,0.558188128311469,0.723866066937655
"491",63.7735735735736,0.63562498383155,0.558029479891967,0.724010351834953
"492",63.9037237237237,0.635597984582704,0.557870759300237,0.724154817707837
"493",64.0338738738739,0.635570986480684,0.557711967274744,0.724299463807334
"494",64.164024024024,0.63554398952545,0.557553104549014,0.724444289389511
"495",64.2941741741742,0.635516993716963,0.55739417185163,0.724589293715387
"496",64.4243243243243,0.635489999055162,0.557235169906247,0.724734476050886
"497",64.5544744744745,0.635463005540009,0.557076099431659,0.724879835666835
"498",64.6846246246246,0.635436013171446,0.556916961141801,0.725025371838896
"499",64.8147747747748,0.635409021949439,0.556757755745821,0.72517108384758
"500",64.9449249249249,0.63538203187393,0.556598483948066,0.725316970978154
"501",65.0750750750751,0.635355042944861,0.556439146448142,0.725463032520641
"502",65.2052252252252,0.635328055162197,0.556279743940962,0.725609267769811
"503",65.3353753753754,0.63530106852589,0.556120277116751,0.725755676025106
"504",65.4655255255255,0.635274083035881,0.555960746661078,0.725902256590614
"505",65.5956756756757,0.635247098692126,0.555801153254911,0.726049008775061
"506",65.7258258258258,0.635220115494577,0.555641497574633,0.726195931891761
"507",65.855975975976,0.635193133443191,0.55548178029208,0.726343025258594
"508",65.9861261261261,0.635166152537902,0.555322002074554,0.726490288197943
"509",66.1162762762763,0.635139172778684,0.555162163584901,0.72663772003673
"510",66.2464264264264,0.63511219416547,0.555002265481478,0.726785320106301
"511",66.3765765765766,0.635085216698216,0.554842308418235,0.726933087742456
"512",66.5067267267267,0.635058240376879,0.554682293044732,0.727081022285407
"513",66.6368768768769,0.635031265201408,0.554522220006159,0.727229123079723
"514",66.767027027027,0.635004291171757,0.554362089943377,0.727377389474328
"515",66.8971771771772,0.634977318287869,0.554201903492933,0.727525820822438
"516",67.0273273273273,0.634950346549701,0.554041661287118,0.727674416481573
"517",67.1574774774775,0.634923375957202,0.553881363953972,0.727823175813495
"518",67.2876276276276,0.63489640651033,0.553721012117331,0.727972098184197
"519",67.4177777777778,0.634869438209026,0.553560606396831,0.728121182963846
"520",67.5479279279279,0.634842471053247,0.55340014740797,0.728270429526792
"521",67.6780780780781,0.634815505042943,0.553239635762117,0.728419837251511
"522",67.8082282282282,0.634788540178061,0.553079072066541,0.728569405520581
"523",67.9383783783784,0.634761576458563,0.552918456924454,0.728719133720673
"524",68.0685285285285,0.634734613884404,0.552757790935031,0.728869021242501
"525",68.1986786786787,0.634707652455511,0.552597074693406,0.729019067480765
"526",68.3288288288288,0.634680692171856,0.552436308790775,0.729169271834207
"527",68.458978978979,0.634653733033379,0.552275493814349,0.729319633705498
"528",68.5891291291291,0.634626775040048,0.552114630347439,0.729470152501276
"529",68.7192792792793,0.634599818191798,0.55195371896943,0.729620827632049
"530",68.8494294294294,0.634572862488596,0.551792760255863,0.729771658512244
"531",68.9795795795796,0.634545907930372,0.551631754778404,0.729922644560099
"532",69.1097297297297,0.63451895451709,0.55147070310493,0.730073785197714
"533",69.2398798798799,0.634492002248691,0.551309605799511,0.730225079850965
"534",69.37003003003,0.634465051125148,0.551148463422483,0.730376527949538
"535",69.5001801801802,0.634438101146401,0.550987276530414,0.730528128926825
"536",69.6303303303303,0.634411152312389,0.550826045676162,0.73067988221994
"537",69.7604804804805,0.63438420462308,0.550664771408928,0.730831787269719
"538",69.8906306306306,0.634357258078415,0.55050345427423,0.730983843520639
"539",70.0207807807808,0.634330312678364,0.550342094813982,0.73113605042085
"540",70.1509309309309,0.634303368422851,0.550180693566448,0.731288407422065
"541",70.2810810810811,0.63427642531185,0.55001925106636,0.731440913979648
"542",70.4112312312312,0.634249483345304,0.549857767844861,0.731593569552487
"543",70.5413813813814,0.634222542523154,0.549696244429569,0.731746373603015
"544",70.6715315315315,0.63419560284537,0.549534681344617,0.731899325597208
"545",70.8016816816817,0.634168664311885,0.549373079110628,0.732052425004494
"546",70.9318318318318,0.63414172692267,0.549211438244799,0.732205671297805
"547",71.061981981982,0.634114790677661,0.54904975926087,0.73235906395348
"548",71.1921321321321,0.634087855576815,0.548888042669187,0.732512602451295
"549",71.3222822822823,0.634060921620088,0.548726288976715,0.732666286274422
"550",71.4524324324324,0.634033988807411,0.548564498687039,0.73282011490937
"551",71.5825825825826,0.634007057138767,0.548402672300449,0.732974087846052
"552",71.7127327327327,0.633980126614085,0.548240810313883,0.733128204577646
"553",71.8428828828829,0.633953197233328,0.548078913221016,0.733282464600662
"554",71.973033033033,0.633926268996428,0.547916981512231,0.733436867414852
"555",72.1031831831832,0.63389934190337,0.547755015674715,0.733591412523279
"556",72.2333333333333,0.633872415954076,0.547593016192385,0.733746099432165
"557",72.3634834834835,0.633845491148502,0.547430983545987,0.733900927650975
"558",72.4936336336336,0.633818567486615,0.547268918213105,0.734055896692372
"559",72.6237837837838,0.633791644968356,0.547106820668148,0.734211006072147
"560",72.7539339339339,0.633764723593662,0.546944691382394,0.73436625530923
"561",72.8840840840841,0.633737803362518,0.546782530824056,0.734521643925718
"562",73.0142342342342,0.633710884274843,0.546620339458203,0.734677171446729
"563",73.1443843843844,0.633683966330611,0.546458117746892,0.734832837400517
"564",73.2745345345345,0.633657049529755,0.546295866149101,0.73498864131834
"565",73.4046846846847,0.633630133872245,0.546133585120822,0.735144582734528
"566",73.5348348348348,0.633603219358018,0.545971275115018,0.735300661186382
"567",73.664984984985,0.633576305987031,0.545808936581693,0.73545687621421
"568",73.7951351351351,0.63354939375924,0.545646569967896,0.735613227361288
"569",73.9252852852853,0.633522482674586,0.545484175717724,0.735769714173819
"570",74.0554354354354,0.633495572733032,0.545321754272383,0.735926336200954
"571",74.1855855855856,0.633468663934508,0.545159306070154,0.736083092994713
"572",74.3157357357357,0.633441756278991,0.544996831546486,0.73623998411005
"573",74.4458858858859,0.633414849766422,0.544834331133945,0.736397009104741
"574",74.576036036036,0.633387944396757,0.544671805262274,0.736554167539425
"575",74.7061861861862,0.63336104016994,0.544509254358395,0.736711458977544
"576",74.8363363363363,0.633334137085929,0.544346678846451,0.736868882985366
"577",74.9664864864865,0.633307235144663,0.544184079147792,0.737026439131916
"578",75.0966366366366,0.633280334346107,0.544021455681038,0.737184126989012
"579",75.2267867867868,0.633253434690209,0.54385880886206,0.737341946131198
"580",75.3569369369369,0.633226536176923,0.543696139104021,0.737499896135751
"581",75.4870870870871,0.633199638806188,0.543533446817373,0.737657976582633
"582",75.6172372372372,0.633172742577974,0.543370732409919,0.73781618705453
"583",75.7473873873874,0.633145847492223,0.54320799628678,0.737974527136764
"584",75.8775375375375,0.633118953548877,0.543045238850438,0.738132996417305
"585",76.0076876876877,0.633092060747901,0.542882460500775,0.738291594486781
"586",76.1378378378378,0.633065169089238,0.54271966163505,0.738450320938405
"587",76.267987987988,0.633038278572858,0.542556842647964,0.738609175368016
"588",76.3981381381382,0.633011389198684,0.542394003931611,0.738768157373972
"589",76.5282882882883,0.632984500966687,0.542231145875579,0.738927266557247
"590",76.6584384384385,0.632957613876807,0.5420682688669,0.739086502521317
"591",76.7885885885886,0.632930727929018,0.541905373290121,0.739245864872215
"592",76.9187387387387,0.632903843123245,0.541742459527259,0.739405353218427
"593",77.0488888888889,0.632876959459453,0.541579527957884,0.739564967170971
"594",77.179039039039,0.632850076937582,0.541416578959085,0.739724706343301
"595",77.3091891891892,0.632823195557601,0.541253612905538,0.739884570351357
"596",77.4393393393393,0.632796315319452,0.541090630169469,0.740044558813486
"597",77.5694894894895,0.632769436223073,0.540927631120692,0.740204671350443
"598",77.6996396396396,0.632742558268443,0.540764616126669,0.740364907585435
"599",77.8297897897898,0.63271568145549,0.54060158555244,0.74052526714399
"600",77.9599399399399,0.63268880578419,0.540438539760732,0.740685749654063
"601",78.0900900900901,0.63266193125447,0.540275479111889,0.740846354745897
"602",78.2202402402402,0.632635057866282,0.54011240396395,0.741007082052103
"603",78.3503903903904,0.632608185619595,0.539949314672666,0.741167931207629
"604",78.4805405405405,0.632581314514363,0.539786211591475,0.741328901849703
"605",78.6106906906907,0.632554444550512,0.539623095071523,0.74148999361781
"606",78.7408408408408,0.632527575728009,0.539459965461727,0.741651206153752
"607",78.870990990991,0.632500708046813,0.539296823108756,0.741812539101576
"608",79.0011411411411,0.632473841506863,0.539133668357032,0.741973992107539
"609",79.1312912912913,0.632446976108125,0.538970501548784,0.742135564820158
"610",79.2614414414414,0.63242011185053,0.538807323024022,0.742297256890115
"611",79.3915915915916,0.632393248734026,0.53864413312058,0.742459067970299
"612",79.5217417417417,0.632366386758593,0.538480932174159,0.742620997715819
"613",79.6518918918919,0.632339525924192,0.538317720518289,0.742783045783919
"614",79.7820420420421,0.632312666230712,0.538154498484304,0.742945211833908
"615",79.9121921921922,0.632285807678162,0.537991266401516,0.743107495527364
"616",80.0423423423424,0.632258950266474,0.537828024597067,0.743269896527895
"617",80.1724924924925,0.632232093995586,0.537664773396011,0.743432414501213
"618",80.3026426426427,0.632205238865469,0.537501513121352,0.743595049115161
"619",80.4327927927928,0.632178384876079,0.537338244094019,0.743757800039635
"620",80.562942942943,0.632151532027357,0.53717496663288,0.743920666946572
"621",80.6930930930931,0.632124680319246,0.537011681054769,0.744083649509956
"622",80.8232432432433,0.632097829751716,0.536848387674523,0.744246747405834
"623",80.9533933933934,0.6320709803247,0.53668508680494,0.744409960312224
"624",81.0835435435436,0.632044132038178,0.536521778756868,0.744573287909201
"625",81.2136936936937,0.632017284892064,0.536358463839118,0.744736729878753
"626",81.3438438438439,0.631990438886327,0.536195142358585,0.744900285904907
"627",81.473993993994,0.631963594020921,0.536031814620198,0.745063955673631
"628",81.6041441441442,0.631936750295814,0.535868480926961,0.74522773887286
"629",81.7342942942943,0.631909907710921,0.53570514157991,0.745391635192399
"630",81.8644444444445,0.631883066266222,0.535541796878222,0.745555644324051
"631",81.9945945945946,0.631856225961649,0.535378447119139,0.745719765961469
"632",82.1247447447447,0.631829386797174,0.535215092598048,0.745883999800248
"633",82.2548948948949,0.631802548772737,0.535051733608443,0.746048345537829
"634",82.385045045045,0.631775711888272,0.53488837044195,0.746212802873511
"635",82.5151951951952,0.631748876143777,0.534725003388405,0.746377371508526
"636",82.6453453453453,0.631722041539158,0.534561632735731,0.746542051145838
"637",82.7754954954955,0.631695208074383,0.534398258770086,0.74670684149032
"638",82.9056456456456,0.631668375749415,0.534234881775813,0.746871742248652
"639",83.0357957957958,0.631641544564196,0.534071502035444,0.747036753129293
"640",83.1659459459459,0.631614714518657,0.533908119829717,0.74720187384249
"641",83.2960960960961,0.631587885612789,0.53374473543765,0.747367104100331
"642",83.4262462462463,0.631561057846525,0.533581349136454,0.747532443616611
"643",83.5563963963964,0.631534231219825,0.533417961201615,0.747697892106913
"644",83.6865465465466,0.631507405732602,0.533254571906849,0.747863449288507
"645",83.8166966966967,0.631480581384857,0.533091181524216,0.748029114880497
"646",83.9468468468469,0.631453758176522,0.532927790324012,0.748194888603632
"647",84.076996996997,0.631426936107538,0.532764398574842,0.748360770180375
"648",84.2071471471472,0.631400115177877,0.532601006543646,0.748526759334928
"649",84.3372972972973,0.63137329538747,0.532437614495657,0.748692855793127
"650",84.4674474474475,0.631346476736281,0.532274222694469,0.748859059282521
"651",84.5975975975976,0.631319659224268,0.532110831402018,0.749025369532317
"652",84.7277477477478,0.631292842851383,0.531947440878596,0.749191786273366
"653",84.8578978978979,0.631266027617541,0.531784051382828,0.749358309238113
"654",84.9880480480481,0.63123921352274,0.531620663171795,0.749524938160734
"655",85.1181981981982,0.631212400566905,0.531457276500903,0.749691672776933
"656",85.2483483483484,0.631185588750004,0.531293891624,0.749858512824078
"657",85.3784984984985,0.631158778071972,0.531130508793318,0.750025458041087
"658",85.5086486486487,0.631131968532777,0.530967128259544,0.75019250816851
"659",85.6387987987988,0.631105160132364,0.530803750271775,0.750359662948438
"660",85.768948948949,0.631078352870673,0.530640375077556,0.750526922124525
"661",85.8990990990991,0.631051546747676,0.530477002922909,0.750694285442013
"662",86.0292492492493,0.631024741763304,0.530313634052292,0.750861752647642
"663",86.1593993993994,0.630997937917529,0.530150268708673,0.751029323489732
"664",86.2895495495496,0.630971135210284,0.529986907133475,0.751196997718075
"665",86.4196996996997,0.630944333641548,0.529823549566656,0.751364775084038
"666",86.5498498498499,0.630917533211235,0.529660196246629,0.751532655340406
"667",86.68,0.630890733919316,0.529496847410373,0.751700638241526
"668",86.8101501501502,0.630863935765742,0.529333503293375,0.751868723543204
"669",86.9403003003003,0.630837138750475,0.529170164129672,0.75203691100273
"670",87.0704504504505,0.630810342873447,0.529006830151823,0.752205200378818
"671",87.2006006006006,0.630783548134628,0.528843501590976,0.752373591431686
"672",87.3307507507508,0.630756754533962,0.528680178676823,0.752542083922955
"673",87.4609009009009,0.630729962071399,0.528516861637642,0.752710677615693
"674",87.5910510510511,0.630703170746883,0.528353550700287,0.75287937227438
"675",87.7212012012012,0.630676380560391,0.528190246090241,0.753048167664951
"676",87.8513513513514,0.63064959151183,0.528026948031529,0.753217063554662
"677",87.9815015015015,0.630622803601189,0.527863656746863,0.753386059712258
"678",88.1116516516517,0.630596016828419,0.527700372457547,0.753555155907832
"679",88.2418018018018,0.630569231193454,0.527537095383501,0.753724351912824
"680",88.371951951952,0.630542446696263,0.527373825743322,0.75389364750009
"681",88.5021021021021,0.630515663336789,0.52721056375423,0.754063042443809
"682",88.6322522522523,0.630488881114974,0.527047309632112,0.75423253651951
"683",88.7624024024024,0.630462100030779,0.526884063591537,0.754402129504084
"684",88.8925525525526,0.630435320084166,0.526720825845751,0.754571821175754
"685",89.0227027027027,0.630408541275076,0.526557596606674,0.754741611314041
"686",89.1528528528529,0.630381763603472,0.526394376084938,0.754911499699804
"687",89.283003003003,0.630354987069265,0.52623116448984,0.755081486115149
"688",89.4131531531532,0.630328211672457,0.52606796202946,0.755251570343583
"689",89.5433033033033,0.630301437412979,0.525904768910546,0.755421752169816
"690",89.6734534534535,0.630274664290764,0.525741585338578,0.755592031379843
"691",89.8036036036036,0.630247892305773,0.525578411517795,0.75576240776096
"692",89.9337537537538,0.630221121458034,0.525415247651241,0.755932881101806
"693",90.0639039039039,0.630194351747347,0.525252093940529,0.756103451192002
"694",90.1940540540541,0.630167583173806,0.525088950586273,0.756274117822765
"695",90.3242042042042,0.630140815737295,0.524925817787694,0.756444880786302
"696",90.4543543543544,0.630114049437758,0.524762695742834,0.756615739876115
"697",90.5845045045045,0.630087284275184,0.524599584648568,0.756786694886988
"698",90.7146546546547,0.630060520249496,0.524436484700509,0.756957745614834
"699",90.8448048048048,0.630033757360655,0.524273396093106,0.757128891856821
"700",90.974954954955,0.630006995608623,0.524110319019622,0.75730013341131
"701",91.1051051051051,0.629980234993352,0.523947253672131,0.757471470077845
"702",91.2352552552553,0.629953475514744,0.523784200241496,0.757642901657091
"703",91.3654054054054,0.62992671717283,0.523621158917517,0.757814427951038
"704",91.4955555555556,0.629899959967511,0.523458129888736,0.757986048762692
"705",91.6257057057057,0.629873203898731,0.523295113342579,0.758157763896265
"706",91.7558558558559,0.629846448966479,0.523132109465366,0.758329573157174
"707",91.886006006006,0.629819695170689,0.522969118442239,0.758501476351919
"708",92.0161561561562,0.629792942511302,0.522806140457219,0.758673473288136
"709",92.1463063063063,0.629766190988298,0.522643175693242,0.758845563774646
"710",92.2764564564565,0.629739440601602,0.522480224332083,0.759017747621318
"711",92.4066066066066,0.629712691351163,0.522317286554435,0.759190024639169
"712",92.5367567567568,0.629685943236946,0.522154362539906,0.759362394640338
"713",92.6669069069069,0.629659196258898,0.521991452467,0.759534857438046
"714",92.7970570570571,0.629632450416994,0.52182855651316,0.759707412846638
"715",92.9272072072072,0.629605705711135,0.521665674854693,0.759880060681456
"716",93.0573573573574,0.629578962141323,0.521502807666918,0.760052800759042
"717",93.1875075075075,0.629552219707489,0.521339955124038,0.760225632896925
"718",93.3176576576577,0.629525478409585,0.521177117399215,0.760398556913723
"719",93.4478078078078,0.629498738247544,0.521014294664548,0.760571572629088
"720",93.577957957958,0.629471999221356,0.520851487091141,0.760744679863794
"721",93.7081081081081,0.629445261330954,0.520688694849018,0.760917878439588
"722",93.8382582582583,0.629418524576279,0.520525918107181,0.761091168179266
"723",93.9684084084084,0.629391788957302,0.520363157033637,0.76126454890669
"724",94.0985585585586,0.629365054473947,0.520200411795338,0.761438020446689
"725",94.2287087087087,0.629338321126223,0.520037682558298,0.761611582625213
"726",94.3588588588589,0.629311588914006,0.519874969487421,0.76178523526906
"727",94.489009009009,0.629284857837303,0.519712272746724,0.761958978206196
"728",94.6191591591592,0.629258127896048,0.519549592499177,0.762132811265493
"729",94.7493093093093,0.629231399090182,0.51938692890677,0.762306734276822
"730",94.8794594594595,0.62920467141966,0.519224282130532,0.762480747071058
"731",95.0096096096096,0.629177944884478,0.519061652330555,0.762654849480108
"732",95.1397597597598,0.629151219484532,0.518899039665885,0.762829041336723
"733",95.2699099099099,0.629124495219773,0.518736444294659,0.763003322474694
"734",95.4000600600601,0.629097772090192,0.518573866374094,0.763177692728818
"735",95.5302102102102,0.629071050095712,0.518411306060404,0.763352151934764
"736",95.6603603603604,0.629044329236303,0.51824876350891,0.763526699929208
"737",95.7905105105105,0.629017609511908,0.518086238873971,0.763701336549732
"738",95.9206606606607,0.628990890922479,0.517923732309031,0.763876061634868
"739",96.0508108108108,0.628964173467957,0.517761243966603,0.764050875024064
"740",96.180960960961,0.628937457148306,0.517598773998304,0.764225776557719
"741",96.3111111111111,0.628910741963493,0.517436322554846,0.764400766077158
"742",96.4412612612613,0.628884027913425,0.517273889785987,0.76457584342454
"743",96.5714114114114,0.628857314998091,0.517111475840656,0.764751008443035
"744",96.7015615615616,0.628830603217462,0.516949080866875,0.764926260976692
"745",96.8317117117117,0.628803892571404,0.516786705011697,0.765101600870326
"746",96.9618618618619,0.628777183059993,0.51662434842146,0.765277027969898
"747",97.092012012012,0.628750474683065,0.516462011241439,0.765452542121961
"748",97.2221621621622,0.628723767440641,0.516299693616185,0.765628143174171
"749",97.3523123123123,0.628697061332651,0.516137395689316,0.76580383097495
"750",97.4824624624625,0.628670356359041,0.515975117603601,0.765979605373601
"751",97.6126126126126,0.628643652519768,0.515812859500968,0.766155466220308
"752",97.7427627627628,0.628616949814787,0.515650621522496,0.766331413366107
"753",97.8729129129129,0.628590248244057,0.515488403808425,0.766507446662891
"754",98.0030630630631,0.628563547807513,0.515326206498138,0.766683565963368
"755",98.1332132132132,0.628536848505133,0.515164029730224,0.766859771121143
"756",98.2633633633634,0.628510150336834,0.515001873642394,0.767036061990575
"757",98.3935135135135,0.628483453302583,0.514839738371582,0.767212438426923
"758",98.5236636636637,0.628456757402355,0.51467762405391,0.767388900286274
"759",98.6538138138138,0.62843006263606,0.514515530824639,0.767565447425461
"760",98.783963963964,0.628403369003671,0.514353458818276,0.767742079702202
"761",98.9141141141141,0.628376676505149,0.514191408168516,0.767918796975016
"762",99.0442642642643,0.628349985140426,0.514029379008238,0.76809559910319
"763",99.1744144144144,0.628323294909464,0.513867371469553,0.768272485946846
"764",99.3045645645646,0.628296605812244,0.513705385683804,0.768449457366925
"765",99.4347147147147,0.628269917848641,0.513543421781467,0.768626513225026
"766",99.5648648648649,0.628243231018673,0.513381479892359,0.768803653383711
"767",99.695015015015,0.628216545322311,0.513219560145487,0.768980877706264
"768",99.8251651651652,0.628189860759422,0.513057662669011,0.769158186056613
"769",99.9553153153153,0.628163177330016,0.512895787590444,0.769335578299637
"770",100.085465465465,0.628136495034051,0.5127339350365,0.769513054300912
"771",100.215615615616,0.628109813871425,0.512572105133096,0.769690613926706
"772",100.345765765766,0.628083133842173,0.51241029800551,0.769868257044209
"773",100.475915915916,0.628056454946154,0.512248513778138,0.770045983521144
"774",100.606066066066,0.628029777183395,0.512086752574773,0.770223793226192
"775",100.736216216216,0.628003100553876,0.511925014518439,0.770401686028717
"776",100.866366366366,0.627976425057358,0.511763299731255,0.770579661798548
"777",100.996516516517,0.627949750694042,0.511601608334967,0.770757720406795
"778",101.126666666667,0.627923077463707,0.511439940450267,0.770935861724772
"779",101.256816816817,0.627896405366421,0.511278296197361,0.771114085624875
"780",101.386966966967,0.627869734402,0.511116675695547,0.771292391979908
"781",101.517117117117,0.62784306457055,0.510955079063645,0.771470780663753
"782",101.647267267267,0.627816395871889,0.510793506419545,0.771649251550639
"783",101.777417417417,0.627789728306047,0.510631957880608,0.771827804515772
"784",101.907567567568,0.627763061872934,0.510470433563408,0.772006439434908
"785",102.037717717718,0.627736396572543,0.510308933583898,0.772185156184604
"786",102.167867867868,0.627709732404805,0.510147458057293,0.772363954642035
"787",102.298018018018,0.627683069369654,0.509986007098132,0.772542834685068
"788",102.428168168168,0.627656407467099,0.50982458082034,0.77272179619235
"789",102.558318318318,0.627629746697035,0.509663179337077,0.772900839043067
"790",102.688468468468,0.627603087059413,0.509501802760882,0.773079963117152
"791",102.818618618619,0.627576428554222,0.509340451203659,0.773259168295259
"792",102.948768768769,0.627549771181379,0.509179124776594,0.773438454458619
"793",103.078918918919,0.62752311494089,0.509017823590293,0.773617821489242
"794",103.209069069069,0.627496459832633,0.508856547754605,0.773797269269636
"795",103.339219219219,0.627469805856615,0.508695297378835,0.77397679768313
"796",103.469369369369,0.627443153012752,0.508534072571573,0.774156406613589
"797",103.59951951952,0.62741650130105,0.508372873440841,0.774336095945646
"798",103.72966966967,0.627389850721388,0.508211700093923,0.774515865564411
"799",103.85981981982,0.627363201273773,0.508050552637575,0.774695715355801
"800",103.98996996997,0.627336552958139,0.507889431177867,0.774875645206278
"801",104.12012012012,0.627309905774436,0.507728335820256,0.77505565500296
"802",104.25027027027,0.6272832597226,0.507567266669569,0.775235744633574
"803",104.38042042042,0.627256614802637,0.507406223830072,0.775415913986559
"804",104.510570570571,0.627229971014406,0.507245207405301,0.775596162950796
"805",104.640720720721,0.627203328357952,0.507084217498333,0.775776491416017
"806",104.770870870871,0.62717668683321,0.506923254211548,0.775956899272429
"807",104.901021021021,0.627150046440074,0.506762317646697,0.7761373864108
"808",105.031171171171,0.627123407178553,0.50660140790502,0.776317952722649
"809",105.161321321321,0.627096769048598,0.50644052508712,0.776498598100027
"810",105.291471471471,0.627070132050105,0.506279669292964,0.776679322435515
"811",105.421621621622,0.627043496183082,0.50611884062202,0.776860125622434
"812",105.551771771772,0.627016861447445,0.505958039173101,0.777041007554577
"813",105.681921921922,0.626990227843182,0.505797265044496,0.777221968126423
"814",105.812072072072,0.626963595370245,0.505636518333889,0.777403007232989
"815",105.942222222222,0.62693696402853,0.505475799138349,0.777584124769805
"816",106.072372372372,0.626910333818045,0.505315107554459,0.77776532063312
"817",106.202522522523,0.626883704738705,0.505154443678166,0.777946594719643
"818",106.332672672673,0.626857076790517,0.504993807604925,0.77812794692677
"819",106.462822822823,0.62683044997336,0.504833199429534,0.778309377152304
"820",106.592972972973,0.62680382428724,0.504672619246329,0.778490885294777
"821",106.723123123123,0.626777199732073,0.50451206714903,0.778672471253168
"822",106.853273273273,0.626750576307847,0.504351543230856,0.778854134927104
"823",106.983423423423,0.626723954014497,0.504191047584445,0.779035876216703
"824",107.113573573574,0.626697332851992,0.504030580301915,0.779217695022676
"825",107.243723723724,0.62667071282021,0.503870141474775,0.779399591246173
"826",107.373873873874,0.626644093919197,0.503709731194126,0.779581564789095
"827",107.504024024024,0.626617476148867,0.503549349550437,0.779763615553726
"828",107.634174174174,0.626590859509171,0.503388996633673,0.779945743442931
"829",107.764324324324,0.626564244000044,0.503228672533261,0.780127948360094
"830",107.894474474474,0.626537629621455,0.503068377338129,0.780310230209175
"831",108.024624624625,0.626511016373415,0.502908111136718,0.780492588894716
"832",108.154774774775,0.62648440425576,0.502747874016817,0.780675024321566
"833",108.284924924925,0.626457793268518,0.502587666065847,0.78085753639534
"834",108.415075075075,0.626431183411605,0.502427487370632,0.781040125022031
"835",108.545225225225,0.62640457468501,0.502267338017545,0.781222790108246
"836",108.675375375375,0.626377967088646,0.502107218092393,0.781405531561007
"837",108.805525525526,0.626351360622504,0.501947127680542,0.781588349287948
"838",108.935675675676,0.626324755286516,0.501787066866814,0.781771243197138
"839",109.065825825826,0.626298151080636,0.501627035735548,0.781954213197177
"840",109.195975975976,0.626271548004814,0.501467034370592,0.782137259197167
"841",109.326126126126,0.626244946059003,0.5013070628553,0.78232038110671
"842",109.456276276276,0.626218345243155,0.501147121272541,0.782503578835906
"843",109.586426426426,0.626191745557202,0.500987209704683,0.782686852295325
"844",109.716576576577,0.626165147001154,0.500827328233671,0.782870201396125
"845",109.846726726727,0.626138549574888,0.50066747694087,0.783053626049784
"846",109.976876876877,0.626111953278392,0.500507655907252,0.783237126168408
"847",110.107027027027,0.626085358111637,0.500347865213307,0.783420701664566
"848",110.237177177177,0.626058764074558,0.50018810493902,0.783604352451258
"849",110.367327327327,0.626032171167086,0.50002837516391,0.783788078441959
"850",110.497477477477,0.626005579389212,0.499868675967074,0.783971879550693
"851",110.627627627628,0.625978988740888,0.499709007427118,0.784155755691907
"852",110.757777777778,0.625952399222028,0.499549369622159,0.784339706780471
"853",110.887927927928,0.625925810832583,0.499389762629883,0.784523732731766
"854",111.018078078078,0.625899223572545,0.499230186527557,0.784707833461691
"855",111.148228228228,0.625872637441808,0.499070641391916,0.78489200888648
"856",111.278378378378,0.625846052440418,0.498911127299367,0.785076258923021
"857",111.408528528529,0.625819468568271,0.498751644325754,0.785260583488466
"858",111.538678678679,0.625792885825263,0.498592192546473,0.78544498250042
"859",111.668828828829,0.62576630421144,0.498432772036601,0.785629455877131
"860",111.798978978979,0.625739723726716,0.498273382870667,0.785814003537126
"861",111.929129129129,0.625713144371042,0.4981140251228,0.785998625399427
"862",112.059279279279,0.625686566144391,0.497954698866705,0.786183321383525
"863",112.189429429429,0.625659989046639,0.497795404175585,0.786368091409228
"864",112.31957957958,0.625633413077832,0.497636141122344,0.786552935397002
"865",112.44972972973,0.625606838237883,0.497476909779359,0.786737853267577
"866",112.57987987988,0.625580264526747,0.497317710218611,0.786922844942168
"867",112.71003003003,0.625553691944373,0.497158542511662,0.787107910342417
"868",112.84018018018,0.625527120490716,0.496999406729652,0.787293049390398
"869",112.97033033033,0.625500550165726,0.496840302943306,0.787478262008609
"870",113.10048048048,0.625473980969336,0.496681231222921,0.787663548119948
"871",113.230630630631,0.625447412901556,0.496522191638437,0.78784890764783
"872",113.360780780781,0.625420845962262,0.496363184259289,0.788034340515921
"873",113.490930930931,0.625394280151462,0.496204209154601,0.788219846648473
"874",113.621081081081,0.625367715469091,0.496045266393036,0.788405425970053
"875",113.751231231231,0.62534115191508,0.495886356042856,0.788591078405641
"876",113.881381381381,0.625314589489421,0.495727478171965,0.788776803880702
"877",114.011531531532,0.625288028192045,0.495568632847825,0.788962602321031
"878",114.141681681682,0.625261468022868,0.495409820137491,0.789148473652807
"879",114.271831831832,0.625234908981936,0.495251040107722,0.789334417802779
"880",114.401981981982,0.625208351069125,0.495092292824759,0.78952043469788
"881",114.532132132132,0.625181794284406,0.494933578354526,0.789706524265562
"882",114.662282282282,0.625155238627713,0.494774896762529,0.789892686433623
"883",114.792432432432,0.625128684099036,0.494616248113937,0.790078921130332
"884",114.922582582583,0.625102130698307,0.494457632473491,0.790265228284271
"885",115.052732732733,0.625075578425478,0.494299049905565,0.790451607824438
"886",115.182882882883,0.625049027280465,0.49414050047413,0.790638059680172
"887",115.313033033033,0.625022477263314,0.493981984242881,0.790824583781366
"888",115.443183183183,0.6249959283739,0.493823501275007,0.791011180058074
"889",115.573333333333,0.624969380612196,0.493665051633402,0.791197848440857
"890",115.703483483483,0.624942833978133,0.493506635380557,0.791384588860602
"891",115.833633633634,0.624916288471704,0.493348252578643,0.79157140124865
"892",115.963783783784,0.624889744092839,0.493189903289422,0.791758285536639
"893",116.093933933934,0.624863200841474,0.493031587574291,0.791945241656585
"894",116.224084084084,0.624836658717614,0.492873305494344,0.792132269540965
"895",116.354234234234,0.624810117721178,0.492715057110247,0.79231936912251
"896",116.484384384384,0.624783577852057,0.492556842482289,0.792506540334285
"897",116.614534534535,0.624757039110302,0.492398661670525,0.792693783109924
"898",116.744684684685,0.624730501495843,0.492240514734566,0.792881097383267
"899",116.874834834835,0.624703965008558,0.492082401733632,0.79306848308845
"900",117.004984984985,0.624677429648491,0.491924322726722,0.79325594016018
"901",117.135135135135,0.624650895415542,0.491766277772374,0.793443468533331
"902",117.265285285285,0.624624362309716,0.491608266928865,0.793631068143275
"903",117.395435435435,0.624597830330911,0.491450290254045,0.793818738925589
"904",117.525585585586,0.624571299479076,0.491292347805463,0.794006480816275
"905",117.655735735736,0.624544769754204,0.491134439640362,0.794194293751736
"906",117.785885885886,0.624518241156246,0.490976565815613,0.794382177668668
"907",117.916036036036,0.624491713685097,0.490818726387713,0.79457013250404
"908",118.046186186186,0.624465187340767,0.490660921412909,0.794758158195314
"909",118.176336336336,0.624438662123168,0.490503150947044,0.794946254680164
"910",118.306486486486,0.624412138032331,0.490345415045722,0.79513442189676
"911",118.436636636637,0.624385615068073,0.490187713764053,0.79532265978333
"912",118.566786786787,0.62435909323048,0.490030047157028,0.795510968278789
"913",118.696936936937,0.624332572519409,0.489872415279137,0.795699347322085
"914",118.827087087087,0.624306052934869,0.489714818184667,0.795887796852701
"915",118.957237237237,0.624279534476793,0.489557255927522,0.796076316810345
"916",119.087387387387,0.624253017145116,0.489399728561291,0.796264907135062
"917",119.217537537538,0.624226500939825,0.489242236139282,0.796453567767288
"918",119.347687687688,0.624199985860856,0.489084778714453,0.796642298647718
"919",119.477837837838,0.62417347190814,0.488927356339442,0.796831099717365
"920",119.607987987988,0.624146959081668,0.48876996906662,0.797019970917641
"921",119.738138138138,0.624120447381393,0.488612616948018,0.797208912190227
"922",119.868288288288,0.62409393680719,0.488455300035304,0.797397923477022
"923",119.998438438438,0.624067427359125,0.488298018379977,0.797587004720491
"924",120.128588588589,0.624040919037076,0.488140772033093,0.797776155863166
"925",120.258738738739,0.624014411840993,0.487983561045457,0.797965376847987
"926",120.388888888889,0.623987905770887,0.487826385467619,0.798154667618286
"927",120.519039039039,0.623961400826652,0.48766924534974,0.798344028117551
"928",120.649189189189,0.623934897008202,0.487512140741697,0.798533458289604
"929",120.779339339339,0.623908394315641,0.487355071693215,0.798722958078823
"930",120.90948948949,0.623881892748771,0.487198038253493,0.798912527429494
"931",121.03963963964,0.623855392307581,0.48704104047158,0.79910216628645
"932",121.16978978979,0.623828892992099,0.48688407839626,0.79929187459488
"933",121.29993993994,0.623802394802219,0.486727152075929,0.799481652300096
"934",121.43009009009,0.623775897737877,0.486570261558721,0.799671499347759
"935",121.56024024024,0.623749401799005,0.486413406892483,0.79986141568383
"936",121.69039039039,0.62372290698563,0.486256588124847,0.800051401254682
"937",121.820540540541,0.623696413297648,0.486099805303062,0.800241456006814
"938",121.950690690691,0.62366992073505,0.485943058474164,0.800431579887138
"939",122.080840840841,0.623643429297806,0.485786347684896,0.800621772842836
"940",122.210990990991,0.623616938985774,0.485629672981633,0.800812034821223
"941",122.341141141141,0.623590449798945,0.485473034410574,0.801002365770081
"942",122.471291291291,0.623563961737344,0.485316432017668,0.801192765637525
"943",122.601441441441,0.623537474800851,0.485159865848478,0.801383234371757
"944",122.731591591592,0.623510988989415,0.485003335948346,0.801573771921361
"945",122.861741741742,0.623484504303048,0.484846842362389,0.801764378235275
"946",122.991891891892,0.623458020741643,0.484690385135364,0.801955053262571
"947",123.122042042042,0.623431538305173,0.484533964311819,0.802145796952699
"948",123.252192192192,0.62340505699357,0.484377579936004,0.802336609255332
"949",123.382342342342,0.623378576806844,0.48422123205196,0.802527490120523
"950",123.512492492492,0.623352097744833,0.484064920703335,0.802718439498372
"951",123.642642642643,0.623325619807659,0.483908645933728,0.802909457339626
"952",123.772792792793,0.623299142995124,0.483752407786232,0.803100543594881
"953",123.902942942943,0.623272667307236,0.48359620630384,0.803291698215277
"954",124.033093093093,0.623246192743967,0.483440041529252,0.803482921152171
"955",124.163243243243,0.623219719305232,0.483283913504872,0.803674212357115
"956",124.293393393393,0.623193246991038,0.483127822272917,0.803865571782046
"957",124.423543543544,0.623166775801281,0.482971767875262,0.804056999379022
"958",124.553693693694,0.623140305735915,0.482815750353574,0.804248495100435
"959",124.683843843844,0.623113836794966,0.482659769749323,0.804440058899042
"960",124.813993993994,0.623087368978254,0.482503826103573,0.804631690727579
"961",124.944144144144,0.623060902285827,0.482347919457306,0.804823390539347
"962",125.074294294294,0.623034436717636,0.482192049851188,0.805015158287778
"963",125.204444444444,0.623007972273616,0.482036217325623,0.805206993926535
"964",125.334594594595,0.622981508953736,0.481880421920796,0.805398897409584
"965",125.464744744745,0.622955046757912,0.481724663676607,0.805590868691072
"966",125.594894894895,0.622928585686039,0.481568942632699,0.805782907725371
"967",125.725045045045,0.622902125738258,0.481413258828656,0.805975014467435
"968",125.855195195195,0.62287566691439,0.481257612303582,0.806167188872034
"969",125.985345345345,0.622849209214292,0.48110200309637,0.806359430894241
"970",126.115495495496,0.62282275263816,0.480946431245929,0.806551740489827
"971",126.245645645646,0.62279629718578,0.480790896790622,0.806744117614259
"972",126.375795795796,0.622769842857139,0.48063539976873,0.80693656222352
"973",126.505945945946,0.622743389652154,0.480479940218245,0.80712907427374
"974",126.636096096096,0.622716937570851,0.480324518177012,0.80732165372144
"975",126.766246246246,0.622690486613182,0.480169133682584,0.807514300523282
"976",126.896396396396,0.622664036779063,0.480013786772258,0.807707014636117
"977",127.026546546547,0.622637588068295,0.479858477483018,0.807899796016884
"978",127.156696696697,0.622611140481131,0.479703205851958,0.808092644623364
"979",127.286846846847,0.622584694017336,0.479547971915576,0.808285560412917
"980",127.416996996997,0.622558248676974,0.479392775710374,0.808478543343542
"981",127.547147147147,0.622531804459734,0.479237617272345,0.80867159337297
"982",127.677297297297,0.622505361365871,0.479082496637683,0.808864710459918
"983",127.807447447447,0.622478919395298,0.478927413842104,0.80905789456288
"984",127.937597597598,0.622452478547855,0.478772368921051,0.809251145640482
"985",128.067747747748,0.622426038823418,0.478617361909772,0.809444463651626
"986",128.197897897898,0.622399600222055,0.478462392843439,0.809637848555699
"987",128.328048048048,0.622373162743829,0.478307461757006,0.809831300312309
"988",128.458198198198,0.622346726388504,0.478152568684986,0.810024818880889
"989",128.588348348348,0.62232029115622,0.477997713661956,0.8102184042216
"990",128.718498498499,0.622293857046667,0.477842896721944,0.810412056294222
"991",128.848648648649,0.622267424060099,0.477688117899188,0.810605775059513
"992",128.978798798799,0.622240992196166,0.477533377227262,0.810799560477645
"993",129.108948948949,0.622214561455085,0.477378674739952,0.810993412509768
"994",129.239099099099,0.622188131836618,0.477224010470495,0.81118733111664
"995",129.369249249249,0.622161703340869,0.477069384452177,0.811381316259698
"996",129.499399399399,0.622135275967604,0.476914796717821,0.81157536790014
"997",129.62954954955,0.622108849716998,0.476760247300352,0.811769485999928
"998",129.7596996997,0.622082424588816,0.476605736232183,0.811963670520693
"999",129.88984984985,0.6220560005832,0.476451263545801,0.812157921424778
"1000",130.02,0.622029577699838,0.476296829273156,0.812352238674132
